INSERT INTO Roles (`id`, `URL`, `createdAt`, `updatedAt`) VALUES
(48, '/users', '2023-12-30 06:00:07', '2023-12-30 06:00:07'),
(49, '/users/steamid', '2023-12-30 06:00:07', '2023-12-30 06:00:07'),
(50, '/users/tradeurl', '2023-12-30 06:00:07', '2023-12-30 06:00:07'),
(51, '/users/skins', '2023-12-30 06:00:07', '2023-12-30 06:00:07'),
(52, '/users/skins/withdraw', '2023-12-30 06:00:07', '2023-12-30 06:00:07'),
(53, '/users/skins/sell', '2023-12-30 06:00:07', '2023-12-30 06:00:07'),
(54, '/users/skins/upgrade', '2023-12-30 06:00:07', '2023-12-30 06:00:07'),
(55, '/users/wallet', '2023-12-30 06:00:07', '2023-12-30 06:00:07'),
(56, '/users', '2023-12-30 06:00:07', '2023-12-30 06:00:07'),
(57, '/users/groups', '2023-12-30 06:00:07', '2023-12-30 06:00:07'),
(58, '/skins/withdraw', '2023-12-30 06:00:07', '2023-12-30 06:00:07'),
(59, '/skins', '2023-12-30 06:00:07', '2023-12-30 06:00:07'),
(60, '/cases', '2023-12-30 06:00:07', '2023-12-30 06:00:07'),
(61, '/cases/skins', '2023-12-30 06:00:07', '2023-12-30 06:00:07'),
(62, '/users/cases/open', '2023-12-30 06:00:07', '2023-12-30 06:00:07');
INSERT INTO Cases (`id`, `Name`, `Price`, `Image`, `createdAt`, `updatedAt`) VALUES
(1, 'FreeCase 1\r\n', 0, 'https://cdn.csgocases.com/unsigned/aHR0cHM6Ly9jc2dvY2FzZXMuY29tL3VwbG9hZHMvZ2FsbGVyeS9vcnlnaW5hbC9lN2M0YWQ1NzBkYmM3NDA1MjgxZmFiMzczNjMwZGQ4M2E4ZDZmNGU3LnBuZw==.png', '2023-12-23 21:38:15', '2023-12-24 10:40:39'),
(2, 'FreeCase 2', 0, 'https://cdn.csgocases.com/unsigned/aHR0cHM6Ly9jc2dvY2FzZXMuY29tL3VwbG9hZHMvZ2FsbGVyeS9vcnlnaW5hbC8zODA0NWEyNGNlMzliYzJhYTU0YTEzNTIxYWNkMzA0ZDEwYTUzZjlmLnBuZw==.png', '2023-12-23 21:38:15', '2023-12-23 21:38:15'),
(3, 'Commoncase 1', 5, 'https://cdn.csgocases.com/unsigned/aHR0cHM6Ly9jc2dvY2FzZXMuY29tL3VwbG9hZHMvZ2FsbGVyeS9vcnlnaW5hbC80NGJjZjIwOTU3MTk3M2I0OTQ0NGU2Y2RjM2YzYTg2NmJiNjY3NDQ3LnBuZw==.png', '2023-12-23 21:38:15', '2023-12-23 21:38:15'),
(4, 'Commoncase 2', 5, 'https://cdn.csgocases.com/unsigned/aHR0cHM6Ly9jc2dvY2FzZXMuY29tL3VwbG9hZHMvZ2FsbGVyeS9vcnlnaW5hbC8wNjFiZjgxYWJjNzNhYzU0NmZmZTU2ZTdjMDUyYjFjODM2OTVmY2EwLnBuZw==.png', '2023-12-23 21:38:15', '2023-12-23 21:38:15'),
(5, 'Epiccase 1', 25, 'https://cdn.csgocases.com/unsigned/aHR0cHM6Ly9jc2dvY2FzZXMuY29tL3VwbG9hZHMvZ2FsbGVyeS9vcnlnaW5hbC8wMWM4NjUzNWJhYzBmMmNlNTA0NWJmNDVmNzBhZGZkNjhlYTM3M2E1LnBuZw==.png', '2023-12-23 21:38:15', '2023-12-25 16:59:22'),
(6, 'Epiccase 2', 25, 'https://cdn.csgocases.com/unsigned/aHR0cHM6Ly9jc2dvY2FzZXMuY29tL3VwbG9hZHMvZ2FsbGVyeS9vcnlnaW5hbC9mYWNmYTRmNDMxY2FhZThlZjkxMTE5ZDU1YWViZWZhYWE3ZDA0YmRkLnBuZw==.png', '2023-12-23 21:38:15', '2023-12-23 21:38:15'),
(7, 'V.I.Pcase 1\r\n', 100, 'https://cdn.csgocases.com/unsigned/aHR0cHM6Ly9jc2dvY2FzZXMuY29tL3VwbG9hZHMvZ2FsbGVyeS9vcnlnaW5hbC9mYTQyNTg0M2YwNGJmNzE5MGNiMDQ4MzhmNjg4MjhlOTBlMzNjMmMxLnBuZw==.png', '2023-12-23 21:38:15', '2023-12-25 16:57:55'),
(8, 'EpicCase3', 30, 'https://cdn.csgocases.com/unsigned/aHR0cHM6Ly9jc2dvY2FzZXMuY29tL3VwbG9hZHMvZ2FsbGVyeS9vcnlnaW5hbC8zODRlMjY3MWQ5ZmExZTI3MTY0OGJkOWNlZWM1Nzk1ZmZiN2RhNTZiLnBuZw==.png', '2023-12-25 17:33:16', '2023-12-25 17:33:16');
INSERT INTO Skins (`id`, `Name`, `Float`, `Price`, `Tier`, `Image`, `Count`, `createdAt`, `updatedAt`) VALUES
(3, '★ Navaja Knife | Fade', '0.000666', 384.34, 5, 'https://www.csgodatabase.com/images/knives/webp/Navaja_Knife_Fade.webp', 1, '2023-12-22 15:47:08', '2023-12-22 15:47:08'),
(4, '★ Gut Knife | Bright Water', '0.069420', 352.57, 5, 'https://www.csgodatabase.com/images/knives/webp/Gut_Knife_Bright_Water.webp', 1, '2023-12-22 15:47:08', '2023-12-22 15:47:08'),
(5, '★ Survival Knife | Fade', '0.000016', 685.36, 5, 'https://www.csgodatabase.com/images/knives/webp/Survival_Knife_Fade.webp', 1, '2023-12-22 15:47:08', '2023-12-22 15:47:08'),
(6, '★ Gut Knife | Lore', '0.123123', 373.75, 5, 'https://www.csgodatabase.com/images/knives/webp/Gut_Knife_Lore.webp', 1, '2023-12-22 15:47:08', '2023-12-22 15:47:08'),
(7, '★ Huntsman Knife | Slaughter', '0.123123', 568.35, 5, 'https://www.csgodatabase.com/images/knives/webp/Huntsman_Knife_Slaughter.webp', 1, '2023-12-22 15:47:08', '2023-12-22 15:47:08'),
(8, '★ Karambit | Boreal Forest', '0.123123', 1936.52, 5, 'https://www.csgodatabase.com/images/knives/webp/Karambit_Boreal_Forest.webp', 1, '2023-12-22 15:47:08', '2023-12-22 15:47:08'),
(9, '★ M9 Bayonet | Boreal Forest', '779.88', 123123, 5, 'https://www.csgodatabase.com/images/knives/webp/M9_Bayonet_Boreal_Forest.webp', 1, '2023-12-22 15:47:08', '2023-12-22 15:47:08'),
(10, '★ Gut Knife | Boreal Forest', '0.123123', 230, 5, 'https://www.csgodatabase.com/images/knives/webp/Gut_Knife_Boreal_Forest.webp', 1, '2023-12-22 15:47:08', '2023-12-22 15:47:08'),
(11, '★ Skeleton Knife | Slaughter', '0.123123', 1250.46, 5, 'https://www.csgodatabase.com/images/knives/webp/Skeleton_Knife_Slaughter.webp', 1, '2023-12-22 15:47:08', '2023-12-22 15:47:08'),
(12, '★ Stiletto Knife | Tiger Tooth', '0.123123', 587.82, 5, 'https://www.csgodatabase.com/images/knives/webp/Stiletto_Knife_Tiger_Tooth.webp', 1, '2023-12-22 15:47:08', '2023-12-22 15:47:08'),
(13, '★ Navaja Knife | Marble Fade', '0.123123', 275.9, 5, 'https://www.csgodatabase.com/images/knives/webp/Navaja_Knife_Marble_Fade.webp', 1, '2023-12-22 15:47:08', '2023-12-22 15:47:08'),
(14, '★ Survival Knife | Safari Mesh', '0.123123', 436.39, 5, 'https://www.csgodatabase.com/images/knives/webp/Survival_Knife_Safari_Mesh.webp', 1, '2023-12-22 15:47:08', '2023-12-22 15:47:08'),
(15, '★ Shadow Daggers | Night Stripe', '0.123123', 777.43, 5, 'https://www.csgodatabase.com/images/knives/webp/Shadow_Daggers_Night.webp', 1, '2023-12-22 15:47:08', '2023-12-22 15:47:08'),
(16, '★ Navaja Knife | Stained', '0.123123', 115, 5, 'https://www.csgodatabase.com/images/knives/webp/Navaja_Knife_Stained.webp', 1, '2023-12-22 15:47:08', '2023-12-22 15:47:08'),
(17, '★ Flip Knife | Doppler', '0.123123', 799.98, 5, 'https://www.csgodatabase.com/images/knives/webp/Flip_Knife_Doppler.webp', 1, '2023-12-22 15:47:08', '2023-12-22 15:47:08'),
(18, '★ Butterfly Knife | Lore', '0.123123', 4168.2, 5, 'https://www.csgodatabase.com/images/knives/webp/Butterfly_Knife_Lore.webp', 1, '2023-12-22 15:47:08', '2023-12-22 15:47:08'),
(19, '★ Butterfly Knife | Tiger Tooth', '0.123123', 1472.23, 5, 'https://www.csgodatabase.com/images/knives/webp/Butterfly_Knife_Tiger_Tooth.webp', 1, '2023-12-22 15:47:08', '2023-12-22 15:47:08'),
(20, '★ M9 Bayonet | Tiger Tooth', '0.123123', 1550.6, 5, 'https://www.csgodatabase.com/images/knives/webp/M9_Bayonet_Tiger_Tooth.webp', 1, '2023-12-22 15:47:08', '2023-12-22 15:47:08'),
(21, '★ Talon Knife | Marble Fade', '0.123123', 1599.9, 5, 'https://www.csgodatabase.com/images/knives/webp/Talon_Knife_Marble_Fade.webp', 1, '2023-12-22 15:47:08', '2023-12-22 15:47:08'),
(22, '★ Specialist Gloves | Foundation', '0.123123', 1110.72, 5, 'https://www.csgodatabase.com/images/gloves/webp/Specialist_Gloves_Foundation.webp', 1, '2023-12-22 15:47:08', '2023-12-22 15:47:08'),
(23, '★ Hydra Gloves | Case Hardened', '0.123123', 1314.65, 5, 'https://www.csgodatabase.com/images/gloves/webp/Hydra_Gloves_Case_Hardened.webp', 1, '2023-12-22 15:47:08', '2023-12-22 15:47:08'),
(24, '★ Paracord Knife | Fade', '0.123123', 748.47, 5, 'https://www.csgodatabase.com/images/knives/webp/Paracord_Knife_Fade.webp', 1, '2023-12-22 15:47:08', '2023-12-22 15:47:08'),
(25, '★ Hand Wraps | CAUTION!', '0.123123', 578.91, 5, 'https://www.csgodatabase.com/images/gloves/webp/Hand_Wraps_CAUTION!.webp', 1, '2023-12-22 15:47:08', '2023-12-22 15:47:08'),
(26, '★ Bowie Knife | Case Hardened', '0.123123', 777.77, 5, 'https://www.csgodatabase.com/images/knives/webp/Bowie_Knife_Case_Hardened.webp', 1, '2023-12-22 15:47:08', '2023-12-22 15:47:08'),
(27, '★ Sport Gloves | Hedge Maze', '0.123123', 16073.7, 5, 'https://www.csgodatabase.com/images/gloves/webp/Sport_Gloves_Hedge_Maze.webp', 1, '2023-12-22 15:47:08', '2023-12-22 15:47:08'),
(28, '★ Bayonet | Damascus Steel', '0.123123', 603.69, 5, 'https://www.csgodatabase.com/images/knives/webp/Bayonet_Damascus_Steel.webp', 1, '2023-12-22 15:47:08', '2023-12-22 15:47:08'),
(29, 'AWP | Asiimov', '0.123123', 108.13, 4, 'https://www.csgodatabase.com/images/skins/webp/AWP_Asiimov.webp', 1, '2023-12-22 15:47:08', '2023-12-22 15:47:08'),
(30, 'M4A1-S | Player Two', '0.123123', 29.79, 4, 'https://www.csgodatabase.com/images/skins/webp/M4A1-S_Player_Two.webp', 1, '2023-12-22 15:47:08', '2023-12-22 15:47:08'),
(31, 'Glock-18 | Bullet Queen', '0.123123', 28.73, 4, 'https://www.csgodatabase.com/images/skins/webp/Glock-18_Bullet_Queen.webp', 1, '2023-12-22 15:47:08', '2023-12-22 15:47:08'),
(32, 'Desert Eagle | Code Red', '0.123123', 54.67, 4, 'https://www.csgodatabase.com/images/skins/webp/Desert_Eagle_Code_Red.webp', 1, '2023-12-22 15:47:08', '2023-12-22 15:47:08'),
(33, 'M4A1-S | Hyper Beast', '0.123123', 36.92, 4, 'https://www.csgodatabase.com/images/skins/webp/M4A1-S_Hyper_Beast.webp', 1, '2023-12-22 15:47:08', '2023-12-22 15:47:08'),
(34, 'P250 | See Ya Later', '0.123123', 9.31, 4, 'https://www.csgodatabase.com/images/skins/webp/P250_See_Ya_Later.webp', 1, '2023-12-22 15:47:08', '2023-12-22 15:47:08'),
(35, 'AWP | Wildfire', '0.123123', 162, 4, 'https://www.csgodatabase.com/images/skins/webp/AWP_Wildfire.webp', 1, '2023-12-22 15:47:08', '2023-12-22 15:47:08'),
(36, 'AK-47 | Asiimov', '0.123123', 242.43, 4, 'https://www.csgodatabase.com/images/skins/webp/AK-47_Asiimov.webp', 2, '2023-12-22 15:47:08', '2023-12-24 16:30:14'),
(37, 'Five-SeveN | Angry Mob', '0.123123', 49.6, 4, 'https://www.csgodatabase.com/images/skins/webp/Five-SeveN_Angry_Mob.webp', 1, '2023-12-22 15:47:08', '2023-12-22 15:47:08'),
(38, 'MP7 | Bloodsport', '0.123123', 21.47, 4, 'https://www.csgodatabase.com/images/skins/webp/MP7_Bloodsport.webp', 1, '2023-12-22 15:47:08', '2023-12-22 15:47:08'),
(39, 'AK-47 | Vulcan', '0.123123', 977.23, 4, 'https://www.csgodatabase.com/images/skins/webp/AK-47_Vulcan.webp', 1, '2023-12-22 15:47:08', '2023-12-22 15:47:08'),
(40, 'M4A1-S | Golden Coil', '0.123123', 209.35, 4, 'https://www.csgodatabase.com/images/skins/webp/M4A1-S_Golden_Coil.webp', 1, '2023-12-22 15:47:08', '2023-12-22 15:47:08'),
(41, 'M4A4 | Asiimov', '0.123123', 167.76, 4, 'https://www.csgodatabase.com/images/skins/webp/M4A4_Asiimov.webp', 1, '2023-12-22 15:47:08', '2023-12-22 15:47:08'),
(42, 'AK-47 | The Empress', '0.123123', 158.4, 4, 'https://www.csgodatabase.com/images/skins/webp/AK-47_The_Empress.webp', 1, '2023-12-22 15:47:08', '2023-12-22 15:47:08'),
(43, 'SSG 08 | Dragonfire', '0.123123', 75.69, 4, 'https://www.csgodatabase.com/images/skins/webp/SSG_08_Dragonfire.webp', 1, '2023-12-22 15:47:08', '2023-12-22 15:47:08'),
(44, 'MAC-10 | Neon Rider', '0.123123', 13.03, 4, 'https://www.csgodatabase.com/images/skins/webp/MAC-10_Neon_Rider.webp', 1, '2023-12-22 15:47:08', '2023-12-22 15:47:08'),
(45, 'M4A4 | Poseidon', '0.123123', 19.21, 3, 'https://www.csgodatabase.com/images/skins/webp/M4A4_Poseidon.webp', 1, '2023-12-22 15:47:08', '2023-12-22 15:47:08'),
(46, 'AK-47 | Point Disarray', '0.123123', 32.45, 3, 'https://www.csgodatabase.com/images/skins/webp/AK-47_Point_Disarray.webp', 1, '2023-12-22 15:47:08', '2023-12-22 15:47:08'),
(47, 'M4A4 | Desolate Space', '0.123123', 7.85, 3, 'https://www.csgodatabase.com/images/skins/webp/M4A4_Desolate_Space.webp', 1, '2023-12-22 15:47:08', '2023-12-22 15:47:08'),
(48, 'Glock-18 | Vogue', '0.123123', 12.23, 3, 'https://www.csgodatabase.com/images/skins/webp/Glock-18_Vogue.webp', 1, '2023-12-22 15:47:08', '2023-12-22 15:47:08'),
(49, 'UMP-45 | Momentum', '0.123123', 6.45, 3, 'https://www.csgodatabase.com/images/skins/webp/UMP-45_Momentum.webp', 1, '2023-12-22 15:47:08', '2023-12-22 15:47:08'),
(50, 'Tec-9 | Decimator', '0.123123', 37.39, 3, 'https://www.csgodatabase.com/images/skins/webp/Tec-9_Decimator.webp', 1, '2023-12-22 15:47:08', '2023-12-22 15:47:08'),
(51, 'M4A4 | Tooth Fairy', '0.123123', 3.96, 3, 'https://www.csgodatabase.com/images/skins/webp/M4A4_Tooth_Fairy.webp', 1, '2023-12-22 15:47:08', '2023-12-22 15:47:08'),
(52, 'MAC-10 | Disco Tech', '0.123123', 4.72, 3, 'https://www.csgodatabase.com/images/skins/webp/MAC-10_Disco_Tech.webp', 1, '2023-12-22 15:47:08', '2023-12-22 15:47:08'),
(53, 'AWP | Redline', '0.123123', 72, 3, 'https://www.csgodatabase.com/images/skins/webp/AWP_Redline.webp', 1, '2023-12-22 15:47:08', '2023-12-22 15:47:08'),
(54, 'AK-47 | Redline', '0.123123', 46.63, 3, 'https://www.csgodatabase.com/images/skins/webp/AK-47_Redline.webp', 1, '2023-12-22 15:47:08', '2023-12-22 15:47:08'),
(55, 'AWP | Elite Build', '0.123123', 40.62, 3, 'https://www.csgodatabase.com/images/skins/webp/AWP_Elite_Build.webp', 1, '2023-12-22 15:47:08', '2023-12-22 15:47:08'),
(56, 'USP-S | Cortex', '0.123123', 11.75, 3, 'https://www.csgodatabase.com/images/skins/webp/USP-S_Cortex.webp', 1, '2023-12-22 15:47:08', '2023-12-22 15:47:08'),
(57, 'P250 | Asiimov', '0.123123', 22.42, 3, 'https://www.csgodatabase.com/images/skins/webp/P250_Asiimov.webp', 1, '2023-12-22 15:47:08', '2023-12-22 15:47:08'),
(58, 'M4A1-S | Decimator', '0.123123', 39.28, 3, 'https://www.csgodatabase.com/images/skins/webp/M4A1-S_Decimator.webp', 1, '2023-12-22 15:47:08', '2023-12-22 15:47:08'),
(59, 'Nova | Hyper Beast', '0.123123', 23.09, 3, 'https://www.csgodatabase.com/images/skins/webp/Nova_Hyper_Beast.webp', 1, '2023-12-22 15:47:08', '2023-12-22 15:47:08'),
(60, 'MP9 | Hydra', '0.123123', 8.29, 3, 'https://www.csgodatabase.com/images/skins/webp/MP9_Hydra.webp', 1, '2023-12-22 15:47:08', '2023-12-22 15:47:08'),
(61, 'Tec-9 | Avalanche', '0.123123', 6.52, 2, 'https://www.csgodatabase.com/images/skins/webp/Tec-9_Avalanche.webp', 1, '2023-12-22 15:47:08', '2023-12-22 15:47:08'),
(62, 'MAG-7 | Monster Cal', '0.123123', 0.82, 2, 'https://www.csgodatabase.com/images/skins/webp/MAG-7_Monster_Call.webp', 1, '2023-12-22 15:47:08', '2023-12-22 15:47:08'),
(63, 'P2000 | Acid Etched', '0.123123', 1.01, 2, 'https://www.csgodatabase.com/images/skins/webp/P2000_Acid_Etched.webp', 1, '2023-12-22 15:47:08', '2023-12-22 15:47:08'),
(64, 'AWP | PAW', '0.123123', 4.45, 2, 'https://www.csgodatabase.com/images/skins/webp/AWP_PAW.webp', 1, '2023-12-22 15:47:08', '2023-12-22 15:47:08'),
(65, 'P2000 | Obsidian', '0.123123', 2.14, 2, 'https://www.csgodatabase.com/images/skins/webp/P2000_Obsidian.webp', 1, '2023-12-22 15:47:08', '2023-12-22 15:47:08'),
(66, 'CZ75-Auto | Eco', '0.123123', 1.97, 2, 'https://www.csgodatabase.com/images/skins/webp/CZ75-Auto_Eco.webp', 1, '2023-12-22 15:47:08', '2023-12-22 15:47:08'),
(67, 'P250 | Nevermore', '0.123123', 2.32, 2, 'https://www.csgodatabase.com/images/skins/webp/P250_Nevermore.webp', 1, '2023-12-22 15:47:08', '2023-12-22 15:47:08'),
(68, 'SCAR-20 | Enforcer', '0.123123', 1.74, 2, 'https://www.csgodatabase.com/images/skins/webp/SCAR-20_Enforcer.webp', 1, '2023-12-22 15:47:08', '2023-12-22 15:47:08'),
(69, 'Five-SeveN | Buddy', '0.123123', 5.1, 2, 'https://www.csgodatabase.com/images/skins/webp/Five-SeveN_Buddy.webp', 1, '2023-12-22 15:47:08', '2023-12-22 15:47:08'),
(70, 'Desert Eagle | Emerald Jörmungandr', '0.123123', 266.96, 2, 'https://www.csgodatabase.com/images/skins/webp/Desert_Eagle_Emerald_J%C3%B6rmungandr.webp', 1, '2023-12-22 15:47:08', '2023-12-22 15:47:08'),
(71, 'USP-S | Overgrowth', '0.123123', 27.91, 2, 'https://www.csgodatabase.com/images/skins/webp/USP-S_Overgrowth.webp', 1, '2023-12-22 15:47:08', '2023-12-22 15:47:08'),
(72, 'P2000 | Woodsman', '0.123123', 10.54, 2, 'https://www.csgodatabase.com/images/skins/webp/P2000_Woodsman.webp', 1, '2023-12-22 15:47:08', '2023-12-22 15:47:08'),
(73, 'AWP | Pit Viper', '0.123123', 0.57, 2, 'https://www.csgodatabase.com/images/skins/webp/AWP_Pit_Viper.webp', 1, '2023-12-22 15:47:08', '2023-12-22 15:47:08'),
(74, 'USP-S | Flashback', '0.123123', 1.45, 2, 'https://www.csgodatabase.com/images/skins/webp/USP-S_Flashback.webp', 1, '2023-12-22 15:47:08', '2023-12-22 15:47:08'),
(75, 'Tec-9 | Bamboozle', '0.123123', 1.38, 2, 'https://www.csgodatabase.com/images/skins/webp/Tec-9_Bamboozle.webp', 1, '2023-12-22 15:47:08', '2023-12-22 15:47:08'),
(76, 'M4A1-S | Flashback', '0.123123', 3.46, 2, 'https://www.csgodatabase.com/images/skins/webp/M4A1-S_Flashback.webp', 1, '2023-12-22 15:47:08', '2023-12-22 15:47:08'),
(77, 'Dual Berettas | Royal Consorts', '0.123123', 3.22, 2, 'https://www.csgodatabase.com/images/skins/webp/Dual_Berettas_Royal_Consorts.webp', 1, '2023-12-22 15:47:08', '2023-12-22 15:47:08'),
(78, 'USP-S | Night Ops', '0.123123', 0.83, 2, 'https://www.csgodatabase.com/images/skins/webp/USP-S_Night_Ops.webp', 1, '2023-12-22 15:47:08', '2023-12-22 15:47:08'),
(79, 'Mac-10 | Curse', '0.123123', 7.79, 2, 'https://www.csgodatabase.com/images/skins/webp/MAC-10_Curse.webp', 1, '2023-12-22 15:47:08', '2023-12-22 15:47:08'),
(80, 'Glock-18 | Nuclear Garden', '0.123123', 5.91, 2, 'https://www.csgodatabase.com/images/skins/webp/Glock-18_Nuclear_Garden.webp', 1, '2023-12-22 15:47:08', '2023-12-22 15:47:08'),
(81, 'MAC-10 | Fade', '0.123123', 54, 1, 'https://www.csgodatabase.com/images/skins/webp/MAC-10_Fade.webp', 1, '2023-12-22 15:47:08', '2023-12-22 15:47:08'),
(82, 'CZ75-Auto | Emerald', '0.123123', 35.1, 1, 'https://www.csgodatabase.com/images/skins/webp/CZ75-Auto_Emerald.webp', 1, '2023-12-22 15:47:08', '2023-12-22 15:47:08'),
(83, 'Desert Eagle | Blue Ply', '0.123123', 0.35, 1, 'https://www.csgodatabase.com/images/skins/webp/Desert_Eagle_Blue_Ply.webp', 2, '2023-12-22 15:47:08', '2023-12-30 13:17:15'),
(84, 'Glock-18 | Oxide Blaze', '0.123123', 0.12, 1, 'https://www.csgodatabase.com/images/skins/webp/Glock-18_Oxide_Blaze.webp', 1, '2023-12-22 15:47:08', '2023-12-22 15:47:08'),
(85, 'Glock-18 | Warhawk', '0.123123', 0.31, 1, 'https://www.csgodatabase.com/images/skins/webp/Glock-18_Warhawk.webp', 1, '2023-12-22 15:47:08', '2023-12-22 15:47:08'),
(86, 'P90 | Traction', '0.123123', 0.15, 1, 'https://www.csgodatabase.com/images/skins/webp/P90_Traction.webp', 1, '2023-12-22 15:47:08', '2023-12-22 15:47:08'),
(87, 'P90 | Elite Build', '0.123123', 1.5, 1, 'https://www.csgodatabase.com/images/skins/webp/P90_Elite_Build.webp', 1, '2023-12-22 15:47:08', '2023-12-22 15:47:08'),
(88, 'Five-SeveN | Flame Test', '0.123123', 0.28, 1, 'https://www.csgodatabase.com/images/skins/webp/Five-SeveN_Flame_Test.webp', 1, '2023-12-22 15:47:08', '2023-12-22 15:47:08'),
(89, 'AK-47 | Jungle Spray', '0.123123', 5.95, 1, 'https://www.csgodatabase.com/images/skins/webp/AK-47_Jungle_Spray.webp', 1, '2023-12-22 15:47:08', '2023-12-22 15:47:08'),
(90, 'USP-S | Para Green', '0.123123', 8.44, 1, 'https://www.csgodatabase.com/images/skins/webp/USP-S_Para_Green.webp', 1, '2023-12-22 15:47:08', '2023-12-22 15:47:08'),
(91, 'Tec-9 | Ossified', '0.123123', 0.94, 1, 'https://www.csgodatabase.com/images/skins/webp/Tec-9_Ossified.webp', 1, '2023-12-22 15:47:08', '2023-12-22 15:47:08'),
(92, 'M4A4 | Jungle Tiger', '0.123123', 5.63, 1, 'https://www.csgodatabase.com/images/skins/webp/M4A4_Jungle_Tiger.webp', 1, '2023-12-22 15:47:08', '2023-12-22 15:47:08'),
(93, 'Five-SeveN | Jungle', '0.123123', 0.12, 1, 'https://www.csgodatabase.com/images/skins/webp/Five-SeveN_Jungle.webp', 1, '2023-12-22 15:47:08', '2023-12-22 15:47:08'),
(94, 'M4A1-S | Boreal Forest', '0.123123', 0.88, 1, 'https://www.csgodatabase.com/images/skins/webp/M4A1-S_Boreal_Forest.webp', 1, '2023-12-22 15:47:08', '2023-12-22 15:47:08'),
(95, 'SSG 08 | Lichen Dashed', '0.123123', 0.65, 1, 'https://www.csgodatabase.com/images/skins/webp/SSG_08_Lichen_Dashed.webp', 1, '2023-12-22 15:47:08', '2023-12-22 15:47:08'),
(96, 'FAMAS | Macabre', '0.123123', 0.44, 1, 'https://www.csgodatabase.com/images/skins/webp/FAMAS_Macabre.webp', 1, '2023-12-22 15:47:08', '2023-12-22 15:47:08'),
(97, 'Dual Berettas | Retribution', '0.123123', 0.21, 1, 'https://www.csgodatabase.com/images/skins/webp/Dual_Berettas_Retribution.webp', 1, '2023-12-22 15:47:08', '2023-12-22 15:47:08'),
(98, 'XM1014 | Jungle', '0.123123', 0.21, 1, 'https://www.csgodatabase.com/images/skins/webp/XM1014_Jungle.webp', 1, '2023-12-22 15:47:08', '2023-12-22 15:47:08'),
(99, 'Nova | Forest Leaves', '0.123123', 0.31, 1, 'https://www.csgodatabase.com/images/skins/webp/Nova_Forest_Leaves.webp', 1, '2023-12-22 15:47:08', '2023-12-22 15:47:08'),
(100, 'USP-S | Forest Leaves', '0.123123', 0.31, 1, 'https://www.csgodatabase.com/images/skins/webp/USP-S_Forest_Leaves.webp', 1, '2023-12-22 15:47:08', '2023-12-22 15:47:08');
INSERT INTO Group_Users (`id`, `Name`, `createdAt`, `updatedAt`) VALUES
(1, 'User', '2023-12-21 18:41:19', '2023-12-21 18:41:19'),
(2, 'Trader', '2023-12-21 18:41:19', '2023-12-21 18:41:19'),
(3, 'Admin', '2023-12-21 18:41:19', '2023-12-21 18:41:19');


INSERT INTO Cases_Skins (`id`, `CaseID`, `SkinID`, `Percent`, `createdAt`, `updatedAt`) VALUES
(7, 1, 3, 0.05, '2023-12-25 10:52:05', '2023-12-25 10:52:05'),
(8, 1, 4, 0.05, '2023-12-25 10:52:17', '2023-12-25 10:52:17'),
(9, 1, 29, 0.1, '2023-12-25 10:52:39', '2023-12-25 10:52:39'),
(10, 1, 30, 0.1, '2023-12-25 10:52:57', '2023-12-25 10:52:57'),
(11, 1, 46, 0.3, '2023-12-25 10:53:27', '2023-12-25 10:53:27'),
(12, 1, 47, 0.3, '2023-12-25 10:53:58', '2023-12-25 10:53:58'),
(13, 1, 48, 0.3, '2023-12-25 10:54:05', '2023-12-25 10:54:05'),
(14, 1, 61, 0.5, '2023-12-25 10:54:35', '2023-12-25 10:54:35'),
(15, 1, 62, 0.5, '2023-12-25 10:54:43', '2023-12-25 10:54:43'),
(16, 1, 63, 0.5, '2023-12-25 10:54:54', '2023-12-25 10:54:54'),
(17, 1, 84, 0.7, '2023-12-25 10:55:10', '2023-12-25 10:55:10'),
(18, 1, 83, 0.7, '2023-12-25 10:55:17', '2023-12-25 10:55:17'),
(19, 2, 5, 0.05, '2023-12-25 10:56:26', '2023-12-25 10:56:26'),
(20, 2, 6, 0.05, '2023-12-25 10:56:38', '2023-12-25 10:56:38'),
(21, 2, 32, 0.1, '2023-12-25 10:56:48', '2023-12-25 10:56:48'),
(22, 2, 33, 0.1, '2023-12-25 10:57:04', '2023-12-25 10:57:04'),
(23, 2, 34, 0.1, '2023-12-25 10:57:15', '2023-12-25 10:57:15'),
(24, 2, 50, 0.3, '2023-12-25 10:57:33', '2023-12-25 10:57:33'),
(25, 2, 65, 0.3, '2023-12-25 10:57:46', '2023-12-25 10:57:46'),
(26, 2, 51, 0.3, '2023-12-25 10:58:00', '2023-12-25 10:58:00'),
(27, 2, 64, 0.5, '2023-12-25 10:58:24', '2023-12-25 10:58:24'),
(28, 2, 66, 0.5, '2023-12-25 10:58:40', '2023-12-25 10:58:40'),
(29, 2, 85, 0.7, '2023-12-25 10:59:09', '2023-12-25 10:59:09'),
(30, 2, 86, 0.7, '2023-12-25 10:59:15', '2023-12-25 10:59:15'),
(32, 3, 7, 0.05, '2023-12-25 16:41:02', '2023-12-25 16:41:02'),
(33, 3, 35, 0.1, '2023-12-25 16:41:27', '2023-12-25 16:41:27'),
(34, 3, 32, 0.1, '2023-12-25 16:41:36', '2023-12-25 16:41:36'),
(35, 3, 36, 0.1, '2023-12-25 16:41:48', '2023-12-25 16:41:48'),
(36, 3, 37, 0.1, '2023-12-25 16:41:58', '2023-12-25 16:41:58'),
(37, 3, 38, 0.1, '2023-12-25 16:42:07', '2023-12-25 16:42:07'),
(38, 3, 53, 0.3, '2023-12-25 16:42:21', '2023-12-25 16:42:21'),
(39, 3, 54, 0.3, '2023-12-25 16:44:21', '2023-12-25 16:44:21'),
(40, 3, 55, 0.3, '2023-12-25 16:44:33', '2023-12-25 16:44:33'),
(41, 3, 49, 0.3, '2023-12-25 16:44:48', '2023-12-25 16:44:48'),
(42, 3, 65, 0.5, '2023-12-25 16:45:05', '2023-12-25 16:45:05'),
(43, 3, 63, 0.5, '2023-12-25 16:45:15', '2023-12-25 16:45:15'),
(44, 3, 66, 0.5, '2023-12-25 16:45:25', '2023-12-25 16:45:25'),
(45, 3, 83, 0.7, '2023-12-25 16:45:49', '2023-12-25 16:45:49'),
(46, 3, 85, 0.7, '2023-12-25 16:45:58', '2023-12-25 16:45:58'),
(47, 4, 8, 0.05, '2023-12-25 16:48:45', '2023-12-25 16:48:45'),
(48, 4, 9, 0.05, '2023-12-25 16:48:52', '2023-12-25 16:48:52'),
(49, 4, 34, 0.1, '2023-12-25 16:49:06', '2023-12-25 16:49:06'),
(50, 4, 71, 0.5, '2023-12-25 16:49:56', '2023-12-25 16:49:56'),
(51, 4, 77, 0.5, '2023-12-25 16:50:16', '2023-12-25 16:50:16'),
(52, 4, 75, 0.5, '2023-12-25 16:50:28', '2023-12-25 16:50:28'),
(53, 4, 97, 0.7, '2023-12-25 16:50:50', '2023-12-25 16:50:50'),
(55, 4, 99, 0.7, '2023-12-25 16:51:02', '2023-12-25 16:51:02'),
(56, 4, 70, 0.3, '2023-12-25 16:54:37', '2023-12-25 16:54:37'),
(57, 4, 73, 0.3, '2023-12-25 16:56:27', '2023-12-25 16:56:27'),
(62, 5, 26, 0.005, '2023-12-25 17:08:31', '2023-12-25 17:08:31'),
(63, 5, 6, 0.005, '2023-12-25 17:09:05', '2023-12-25 17:09:05'),
(64, 5, 36, 0.01, '2023-12-25 17:09:16', '2023-12-25 17:09:16'),
(65, 5, 70, 0.01, '2023-12-25 17:09:36', '2023-12-25 17:09:36'),
(66, 5, 42, 0.02, '2023-12-25 17:09:49', '2023-12-25 17:09:49'),
(67, 5, 59, 0.05, '2023-12-25 17:10:14', '2023-12-25 17:10:14'),
(68, 5, 38, 0.1, '2023-12-25 17:10:24', '2023-12-25 17:10:24'),
(69, 5, 45, 0.1, '2023-12-25 17:10:36', '2023-12-25 17:10:36'),
(70, 5, 56, 0.1, '2023-12-25 17:10:44', '2023-12-25 17:10:44'),
(71, 5, 44, 0.1, '2023-12-25 17:11:25', '2023-12-25 17:11:25'),
(72, 5, 64, 0.15, '2023-12-25 17:11:53', '2023-12-25 17:11:53'),
(73, 5, 89, 0.15, '2023-12-25 17:12:19', '2023-12-25 17:12:19'),
(74, 5, 67, 0.2, '2023-12-25 17:12:44', '2023-12-25 17:12:44'),
(75, 6, 20, 0.005, '2023-12-25 17:20:17', '2023-12-25 17:20:17'),
(76, 6, 19, 0.005, '2023-12-25 17:24:03', '2023-12-25 17:24:03'),
(77, 6, 39, 0.01, '2023-12-25 17:24:24', '2023-12-25 17:24:24'),
(78, 6, 25, 0.01, '2023-12-25 17:24:38', '2023-12-25 17:24:38'),
(79, 6, 40, 0.02, '2023-12-25 17:24:57', '2023-12-25 17:24:57'),
(80, 6, 43, 0.05, '2023-12-25 17:25:12', '2023-12-25 17:25:12'),
(81, 6, 50, 0.1, '2023-12-25 17:25:25', '2023-12-25 17:25:25'),
(82, 6, 46, 0.1, '2023-12-25 17:25:37', '2023-12-25 17:25:37'),
(83, 6, 48, 0.1, '2023-12-25 17:26:02', '2023-12-25 17:26:02'),
(84, 6, 34, 0.1, '2023-12-25 17:26:11', '2023-12-25 17:26:11'),
(85, 6, 77, 0.15, '2023-12-25 17:26:31', '2023-12-25 17:26:31'),
(86, 6, 68, 0.15, '2023-12-25 17:26:43', '2023-12-25 17:26:43'),
(87, 6, 88, 0.2, '2023-12-25 17:27:00', '2023-12-25 17:27:00'),
(88, 7, 27, 0.01, '2023-12-25 17:29:00', '2023-12-25 17:29:00'),
(89, 7, 18, 0.02, '2023-12-25 17:29:14', '2023-12-25 17:29:14'),
(90, 7, 8, 0.03, '2023-12-25 17:29:41', '2023-12-25 17:29:41'),
(91, 7, 23, 0.04, '2023-12-25 17:29:55', '2023-12-25 17:29:55'),
(92, 7, 39, 0.05, '2023-12-25 17:30:11', '2023-12-25 17:30:11'),
(93, 7, 22, 0.05, '2023-12-25 17:30:18', '2023-12-25 17:30:18'),
(94, 7, 35, 0.1, '2023-12-25 17:30:33', '2023-12-25 17:30:33'),
(95, 7, 16, 0.1, '2023-12-25 17:30:43', '2023-12-25 17:30:43'),
(96, 7, 32, 0.2, '2023-12-25 17:30:54', '2023-12-25 17:30:54'),
(97, 7, 81, 0.2, '2023-12-25 17:31:11', '2023-12-25 17:31:11'),
(98, 7, 45, 0.2, '2023-12-25 17:31:32', '2023-12-25 17:31:32'),
(99, 8, 14, 0.01, '2023-12-25 17:37:25', '2023-12-25 17:37:25'),
(100, 8, 7, 0.01, '2023-12-25 17:37:32', '2023-12-25 17:37:32'),
(101, 8, 13, 0.02, '2023-12-25 17:37:43', '2023-12-25 17:37:43'),
(102, 8, 6, 0.01, '2023-12-25 17:37:54', '2023-12-25 17:37:54'),
(103, 8, 29, 0.05, '2023-12-25 17:38:11', '2023-12-25 17:38:11'),
(104, 8, 54, 0.1, '2023-12-25 17:38:20', '2023-12-25 17:38:20'),
(105, 8, 82, 0.1, '2023-12-25 17:38:28', '2023-12-25 17:38:28'),
(106, 8, 31, 0.1, '2023-12-25 17:38:40', '2023-12-25 17:38:40'),
(107, 8, 33, 0.1, '2023-12-25 17:38:46', '2023-12-25 17:38:46'),
(108, 8, 57, 0.2, '2023-12-25 17:39:06', '2023-12-25 17:39:06'),
(109, 8, 38, 0.2, '2023-12-25 17:39:17', '2023-12-25 17:39:17'),
(110, 8, 72, 0.1, '2023-12-25 17:39:23', '2023-12-25 17:39:23'),
(111, 1, 5, 0.01, '2023-12-30 15:57:57', '2023-12-30 15:57:57');
INSERT INTO Group_Roles (`id`, `RoleID`, `GroupID`, `createdAt`, `updatedAt`) VALUES
(92, 49, 1, '2023-12-30 06:10:20', '2023-12-30 06:10:20'),
(93, 50, 1, '2023-12-30 06:10:20', '2023-12-30 06:10:20'),
(94, 62, 1, '2023-12-30 06:10:20', '2023-12-30 06:10:20'),
(95, 51, 1, '2023-12-30 06:10:20', '2023-12-30 06:10:20'),
(96, 52, 1, '2023-12-30 06:10:20', '2023-12-30 06:10:20'),
(97, 53, 1, '2023-12-30 06:10:20', '2023-12-30 06:10:20'),
(98, 54, 1, '2023-12-30 06:10:20', '2023-12-30 06:10:20'),
(99, 59, 1, '2023-12-30 06:10:20', '2023-12-30 06:10:20'),
(100, 49, 2, '2023-12-30 06:10:20', '2023-12-30 06:10:20'),
(101, 50, 2, '2023-12-30 06:10:20', '2023-12-30 06:10:20'),
(102, 62, 2, '2023-12-30 06:10:20', '2023-12-30 06:10:20'),
(103, 51, 2, '2023-12-30 06:10:20', '2023-12-30 06:10:20'),
(104, 52, 2, '2023-12-30 06:10:20', '2023-12-30 06:10:20'),
(105, 53, 2, '2023-12-30 06:10:20', '2023-12-30 06:10:20'),
(106, 54, 2, '2023-12-30 06:10:20', '2023-12-30 06:10:20'),
(107, 59, 2, '2023-12-30 06:10:20', '2023-12-30 06:10:20'),
(108, 58, 2, '2023-12-30 06:10:20', '2023-12-30 06:10:20'),
(109, 49, 3, '2023-12-30 06:10:20', '2023-12-30 06:10:20'),
(110, 50, 3, '2023-12-30 06:10:20', '2023-12-30 06:10:20'),
(111, 62, 3, '2023-12-30 06:10:20', '2023-12-30 06:10:20'),
(112, 51, 3, '2023-12-30 06:10:20', '2023-12-30 06:10:20'),
(113, 52, 3, '2023-12-30 06:10:20', '2023-12-30 06:10:20'),
(114, 53, 3, '2023-12-30 06:10:20', '2023-12-30 06:10:20'),
(115, 54, 3, '2023-12-30 06:10:20', '2023-12-30 06:10:20'),
(116, 59, 3, '2023-12-30 06:10:20', '2023-12-30 06:10:20'),
(117, 58, 3, '2023-12-30 06:10:20', '2023-12-30 06:10:20'),
(118, 56, 3, '2023-12-30 06:10:20', '2023-12-30 06:10:20'),
(119, 57, 3, '2023-12-30 06:10:20', '2023-12-30 06:10:20'),
(120, 55, 3, '2023-12-30 06:10:20', '2023-12-30 06:10:20');

INSERT INTO Users (`id`, `SteamID`, `GroupID`, `TradeURL`, `Wallet`, `Personaname`, `Profileurl`, `Avatar`, `Avatarmedium`, `Avatarfull`, `CountOpen`, `CountUpgrade`, `createdAt`, `updatedAt`) VALUES
(24, '76561198278072651', 3, 'asdadasdads', '148.84', 'daasd', 'https://steamcommunity.com/id/thitnguoixoi/', 'https://avatars.steamstatic.com/cb9d5b568d0c15e64b8fca9f73f15010c889d7b2.jpg', 'https://avatars.steamstatic.com/cb9d5b568d0c15e64b8fca9f73f15010c889d7b2_medium.jpg', 'https://avatars.steamstatic.com/cb9d5b568d0c15e64b8fca9f73f15010c889d7b2_full.jpg', 25, 4, '2023-12-24 12:45:37', '2023-12-30 15:56:19'),
(25, '76561198294551098', 3, NULL, '15168.70', 'bantumlum', 'https://steamcommunity.com/id/defnotC1nd3R/', 'https://avatars.steamstatic.com/7e8ce152deeaa922a22e6650680b8e8e6831e032.jpg', 'https://avatars.steamstatic.com/7e8ce152deeaa922a22e6650680b8e8e6831e032_medium.jpg', 'https://avatars.steamstatic.com/7e8ce152deeaa922a22e6650680b8e8e6831e032_full.jpg', 34, 9, '2023-12-25 16:56:46', '2023-12-25 17:49:06');

INSERT INTO Users_Skins (`id`, `SkinID`, `UserID`, `Status`, `createdAt`, `updatedAt`) VALUES
(6, 96, 25, 'Inventory', '2023-12-25 17:14:08', '2023-12-25 17:22:51'),
(7, 84, 25, 'Inventory', '2023-12-25 17:14:14', '2023-12-25 17:14:14'),
(8, 52, 25, 'Inventory', '2023-12-25 17:14:38', '2023-12-25 17:18:20'),
(10, 34, 25, 'Inventory', '2023-12-25 17:16:41', '2023-12-25 17:17:45'),
(11, 84, 25, 'Inventory', '2023-12-25 17:21:36', '2023-12-25 17:21:36'),
(12, 48, 25, 'Inventory', '2023-12-25 17:21:43', '2023-12-25 17:21:43'),
(13, 64, 25, 'Inventory', '2023-12-25 17:22:18', '2023-12-25 17:22:18'),
(14, 64, 25, 'Inventory', '2023-12-25 17:22:20', '2023-12-25 17:22:20'),
(15, 64, 25, 'Inventory', '2023-12-25 17:22:21', '2023-12-25 17:22:21'),
(16, 85, 25, 'Inventory', '2023-12-25 17:22:37', '2023-12-25 17:22:37'),
(17, 45, 25, 'Inventory', '2023-12-25 17:43:53', '2023-12-25 17:43:53'),
(18, 35, 25, 'Inventory', '2023-12-25 17:43:55', '2023-12-25 17:43:55'),
(19, 45, 25, 'Inventory', '2023-12-25 17:43:56', '2023-12-25 17:43:56'),
(21, 45, 25, 'Inventory', '2023-12-25 17:43:59', '2023-12-25 17:43:59'),
(22, 45, 25, 'Inventory', '2023-12-25 17:44:56', '2023-12-25 17:44:56'),
(24, 32, 25, 'Inventory', '2023-12-25 17:44:58', '2023-12-25 17:44:58'),
(25, 45, 25, 'Inventory', '2023-12-25 17:44:59', '2023-12-25 17:44:59'),
(26, 45, 25, 'Inventory', '2023-12-25 17:45:00', '2023-12-25 17:45:00'),
(27, 85, 25, 'Inventory', '2023-12-25 17:48:44', '2023-12-25 17:48:44'),
(28, 45, 25, 'Inventory', '2023-12-25 17:48:52', '2023-12-25 17:48:52'),
(29, 45, 25, 'Inventory', '2023-12-25 17:48:53', '2023-12-25 17:48:53'),
(30, 45, 25, 'Inventory', '2023-12-25 17:48:54', '2023-12-25 17:48:54'),
(31, 45, 25, 'Inventory', '2023-12-25 17:48:55', '2023-12-25 17:48:55'),
(32, 45, 25, 'Inventory', '2023-12-25 17:48:56', '2023-12-25 17:48:56'),
(33, 45, 25, 'Inventory', '2023-12-25 17:48:57', '2023-12-25 17:48:57'),
(34, 45, 25, 'Inventory', '2023-12-25 17:48:58', '2023-12-25 17:48:58'),
(35, 32, 25, 'Inventory', '2023-12-25 17:48:58', '2023-12-25 17:48:58'),
(36, 32, 25, 'Inventory', '2023-12-25 17:49:06', '2023-12-25 17:49:06'),
(37, 97, 24, 'Inventory', '2023-12-30 04:55:45', '2023-12-30 15:47:15'),
(48, 83, 24, 'Inventory', '2023-12-30 15:47:24', '2023-12-30 15:47:24'),
(49, 48, 24, 'Inventory', '2023-12-30 15:47:25', '2023-12-30 15:47:25'),
(50, 83, 24, 'Inventory', '2023-12-30 15:47:27', '2023-12-30 15:47:27'),
(51, 48, 24, 'Inventory', '2023-12-30 15:47:27', '2023-12-30 15:47:27'),
(52, 83, 24, 'Inventory', '2023-12-30 15:47:28', '2023-12-30 15:47:28'),
(53, 48, 24, 'Inventory', '2023-12-30 15:47:29', '2023-12-30 15:47:29'),
(54, 84, 24, 'Inventory', '2023-12-30 15:47:30', '2023-12-30 15:47:30'),
(55, 48, 24, 'Inventory', '2023-12-30 15:47:31', '2023-12-30 15:47:31'),
(56, 83, 24, 'Inventory', '2023-12-30 15:47:32', '2023-12-30 15:47:32'),
(57, 61, 24, 'Inventory', '2023-12-30 15:47:33', '2023-12-30 15:47:33'),
(58, 45, 24, 'Inventory', '2023-12-30 15:48:06', '2023-12-30 15:48:06'),
(59, 45, 24, 'Inventory', '2023-12-30 15:48:08', '2023-12-30 15:48:08'),
(60, 45, 24, 'Inventory', '2023-12-30 15:48:09', '2023-12-30 15:48:09'),
(61, 45, 24, 'Inventory', '2023-12-30 15:48:11', '2023-12-30 15:48:11');

INSERT INTO Group_Cases (`id`, `Name`, `CaseID`, `createdAt`, `updatedAt`) VALUES
(1, 'Free case', 1, '2023-12-23 21:52:49', '2023-12-23 21:52:49'),
(2, 'Free case', 2, '2023-12-23 21:52:49', '2023-12-23 21:52:49'),
(3, 'Common case', 3, '2023-12-23 21:52:49', '2023-12-23 21:52:49'),
(4, 'Common case', 4, '2023-12-23 21:52:49', '2023-12-23 21:52:49'),
(5, 'Epic case', 5, '2023-12-23 21:52:49', '2023-12-23 21:52:49'),
(6, 'Epic case', 6, '2023-12-23 21:52:49', '2023-12-23 21:52:49'),
(7, 'V.I.P case', 7, '2023-12-23 21:52:49', '2023-12-23 21:52:49'),
(8, 'Epic case', 8, '2023-12-25 17:33:16', '2023-12-25 17:33:16');